<annotation>
	<folder>Train</folder>
	<filename>image_2021_25.jpg</filename>
	<path>C:\Users\User\Desktop\Pets Segmentation\Train\image_2021_25.jpg</path>
	<source>
		<database>Unknown</database>
	</source>
	<size>
		<width>500</width>
		<height>375</height>
		<depth>3</depth>
	</size>
	<segmented>0</segmented>
	<object>
		<name>dog</name>
		<pose>Unspecified</pose>
		<truncated>0</truncated>
		<difficult>0</difficult>
		<bndbox>
			<xmin>72</xmin>
			<ymin>143</ymin>
			<xmax>379</xmax>
			<ymax>289</ymax>
		</bndbox>
	</object>
</annotation>
