<annotation>
	<folder>Train</folder>
	<filename>image_2021_30.jpg</filename>
	<path>C:\Users\User\Desktop\Pets Segmentation\Train\image_2021_30.jpg</path>
	<source>
		<database>Unknown</database>
	</source>
	<size>
		<width>467</width>
		<height>457</height>
		<depth>3</depth>
	</size>
	<segmented>0</segmented>
	<object>
		<name>dog</name>
		<pose>Unspecified</pose>
		<truncated>1</truncated>
		<difficult>0</difficult>
		<bndbox>
			<xmin>49</xmin>
			<ymin>14</ymin>
			<xmax>403</xmax>
			<ymax>457</ymax>
		</bndbox>
	</object>
</annotation>
