<annotation>
	<folder>Train</folder>
	<filename>image_2021_51.jpg</filename>
	<path>C:\Users\User\Desktop\Pets Segmentation\Train\image_2021_51.jpg</path>
	<source>
		<database>Unknown</database>
	</source>
	<size>
		<width>432</width>
		<height>410</height>
		<depth>3</depth>
	</size>
	<segmented>0</segmented>
	<object>
		<name>cat</name>
		<pose>Unspecified</pose>
		<truncated>0</truncated>
		<difficult>0</difficult>
		<bndbox>
			<xmin>139</xmin>
			<ymin>7</ymin>
			<xmax>371</xmax>
			<ymax>387</ymax>
		</bndbox>
	</object>
</annotation>
