<annotation>
	<folder>Train</folder>
	<filename>image_2021_16.jpg</filename>
	<path>C:\Users\User\Desktop\Pets Segmentation\Train\image_2021_16.jpg</path>
	<source>
		<database>Unknown</database>
	</source>
	<size>
		<width>500</width>
		<height>381</height>
		<depth>3</depth>
	</size>
	<segmented>0</segmented>
	<object>
		<name>dog</name>
		<pose>Unspecified</pose>
		<truncated>0</truncated>
		<difficult>0</difficult>
		<bndbox>
			<xmin>3</xmin>
			<ymin>181</ymin>
			<xmax>169</xmax>
			<ymax>374</ymax>
		</bndbox>
	</object>
	<object>
		<name>dog</name>
		<pose>Unspecified</pose>
		<truncated>0</truncated>
		<difficult>0</difficult>
		<bndbox>
			<xmin>134</xmin>
			<ymin>86</ymin>
			<xmax>382</xmax>
			<ymax>376</ymax>
		</bndbox>
	</object>
	<object>
		<name>dog</name>
		<pose>Unspecified</pose>
		<truncated>0</truncated>
		<difficult>0</difficult>
		<bndbox>
			<xmin>267</xmin>
			<ymin>4</ymin>
			<xmax>483</xmax>
			<ymax>129</ymax>
		</bndbox>
	</object>
</annotation>
