<annotation>
	<folder>Train</folder>
	<filename>image_2021_56.jpg</filename>
	<path>C:\Users\User\Desktop\Pets Segmentation\Train\image_2021_56.jpg</path>
	<source>
		<database>Unknown</database>
	</source>
	<size>
		<width>448</width>
		<height>259</height>
		<depth>3</depth>
	</size>
	<segmented>0</segmented>
	<object>
		<name>cat</name>
		<pose>Unspecified</pose>
		<truncated>0</truncated>
		<difficult>0</difficult>
		<bndbox>
			<xmin>28</xmin>
			<ymin>38</ymin>
			<xmax>420</xmax>
			<ymax>242</ymax>
		</bndbox>
	</object>
</annotation>
