<annotation>
	<folder>Train</folder>
	<filename>image_2021_28.jpg</filename>
	<path>C:\Users\User\Desktop\Pets Segmentation\Train\image_2021_28.jpg</path>
	<source>
		<database>Unknown</database>
	</source>
	<size>
		<width>288</width>
		<height>432</height>
		<depth>3</depth>
	</size>
	<segmented>0</segmented>
	<object>
		<name>dog</name>
		<pose>Unspecified</pose>
		<truncated>0</truncated>
		<difficult>0</difficult>
		<bndbox>
			<xmin>24</xmin>
			<ymin>60</ymin>
			<xmax>267</xmax>
			<ymax>401</ymax>
		</bndbox>
	</object>
</annotation>
