<annotation>
	<folder>Train</folder>
	<filename>image_2021_48.jpg</filename>
	<path>C:\Users\User\Desktop\Pets Segmentation\Train\image_2021_48.jpg</path>
	<source>
		<database>Unknown</database>
	</source>
	<size>
		<width>461</width>
		<height>346</height>
		<depth>3</depth>
	</size>
	<segmented>0</segmented>
	<object>
		<name>cat</name>
		<pose>Unspecified</pose>
		<truncated>1</truncated>
		<difficult>0</difficult>
		<bndbox>
			<xmin>4</xmin>
			<ymin>88</ymin>
			<xmax>259</xmax>
			<ymax>346</ymax>
		</bndbox>
	</object>
	<object>
		<name>cat</name>
		<pose>Unspecified</pose>
		<truncated>0</truncated>
		<difficult>0</difficult>
		<bndbox>
			<xmin>222</xmin>
			<ymin>52</ymin>
			<xmax>407</xmax>
			<ymax>321</ymax>
		</bndbox>
	</object>
</annotation>
