<annotation>
	<folder>Train</folder>
	<filename>image_2021_7.jpg</filename>
	<path>C:\Users\User\Desktop\Pets Segmentation\Train\image_2021_7.jpg</path>
	<source>
		<database>Unknown</database>
	</source>
	<size>
		<width>300</width>
		<height>264</height>
		<depth>3</depth>
	</size>
	<segmented>0</segmented>
	<object>
		<name>dog</name>
		<pose>Unspecified</pose>
		<truncated>0</truncated>
		<difficult>0</difficult>
		<bndbox>
			<xmin>7</xmin>
			<ymin>32</ymin>
			<xmax>137</xmax>
			<ymax>254</ymax>
		</bndbox>
	</object>
	<object>
		<name>dog</name>
		<pose>Unspecified</pose>
		<truncated>1</truncated>
		<difficult>0</difficult>
		<bndbox>
			<xmin>255</xmin>
			<ymin>65</ymin>
			<xmax>300</xmax>
			<ymax>174</ymax>
		</bndbox>
	</object>
</annotation>
