<annotation>
	<folder>Train</folder>
	<filename>image_2021_62.jpg</filename>
	<path>C:\Users\User\Desktop\Pets Segmentation\Train\image_2021_62.jpg</path>
	<source>
		<database>Unknown</database>
	</source>
	<size>
		<width>500</width>
		<height>346</height>
		<depth>3</depth>
	</size>
	<segmented>0</segmented>
	<object>
		<name>cat</name>
		<pose>Unspecified</pose>
		<truncated>0</truncated>
		<difficult>0</difficult>
		<bndbox>
			<xmin>10</xmin>
			<ymin>16</ymin>
			<xmax>484</xmax>
			<ymax>330</ymax>
		</bndbox>
	</object>
</annotation>
