<annotation>
	<folder>Train</folder>
	<filename>image_2021_0.jpg</filename>
	<path>C:\Users\User\Desktop\Pets Segmentation\Train\image_2021_0.jpg</path>
	<source>
		<database>Unknown</database>
	</source>
	<size>
		<width>500</width>
		<height>375</height>
		<depth>3</depth>
	</size>
	<segmented>0</segmented>
	<object>
		<name>dog</name>
		<pose>Unspecified</pose>
		<truncated>0</truncated>
		<difficult>0</difficult>
		<bndbox>
			<xmin>76</xmin>
			<ymin>24</ymin>
			<xmax>378</xmax>
			<ymax>321</ymax>
		</bndbox>
	</object>
</annotation>
