<annotation>
	<folder>Train</folder>
	<filename>image_2021_54.jpg</filename>
	<path>C:\Users\User\Desktop\Pets Segmentation\Train\image_2021_54.jpg</path>
	<source>
		<database>Unknown</database>
	</source>
	<size>
		<width>320</width>
		<height>268</height>
		<depth>3</depth>
	</size>
	<segmented>0</segmented>
	<object>
		<name>cat</name>
		<pose>Unspecified</pose>
		<truncated>0</truncated>
		<difficult>0</difficult>
		<bndbox>
			<xmin>75</xmin>
			<ymin>8</ymin>
			<xmax>290</xmax>
			<ymax>250</ymax>
		</bndbox>
	</object>
</annotation>
