<annotation>
	<folder>Train</folder>
	<filename>image_2021_67.jpg</filename>
	<path>C:\Users\User\Desktop\Pets Segmentation\Train\image_2021_67.jpg</path>
	<source>
		<database>Unknown</database>
	</source>
	<size>
		<width>370</width>
		<height>480</height>
		<depth>3</depth>
	</size>
	<segmented>0</segmented>
	<object>
		<name>cat</name>
		<pose>Unspecified</pose>
		<truncated>0</truncated>
		<difficult>0</difficult>
		<bndbox>
			<xmin>191</xmin>
			<ymin>51</ymin>
			<xmax>317</xmax>
			<ymax>190</ymax>
		</bndbox>
	</object>
	<object>
		<name>cat</name>
		<pose>Unspecified</pose>
		<truncated>1</truncated>
		<difficult>0</difficult>
		<bndbox>
			<xmin>102</xmin>
			<ymin>188</ymin>
			<xmax>264</xmax>
			<ymax>480</ymax>
		</bndbox>
	</object>
</annotation>
