<annotation>
	<folder>Train</folder>
	<filename>image_2021_36.jpg</filename>
	<path>C:\Users\User\Desktop\Pets Segmentation\Train\image_2021_36.jpg</path>
	<source>
		<database>Unknown</database>
	</source>
	<size>
		<width>320</width>
		<height>240</height>
		<depth>3</depth>
	</size>
	<segmented>0</segmented>
	<object>
		<name>dog</name>
		<pose>Unspecified</pose>
		<truncated>0</truncated>
		<difficult>0</difficult>
		<bndbox>
			<xmin>67</xmin>
			<ymin>46</ymin>
			<xmax>250</xmax>
			<ymax>210</ymax>
		</bndbox>
	</object>
</annotation>
