<annotation>
	<folder>Train</folder>
	<filename>image_2021_69.jpg</filename>
	<path>C:\Users\User\Desktop\Pets Segmentation\Train\image_2021_69.jpg</path>
	<source>
		<database>Unknown</database>
	</source>
	<size>
		<width>500</width>
		<height>375</height>
		<depth>3</depth>
	</size>
	<segmented>0</segmented>
	<object>
		<name>cat</name>
		<pose>Unspecified</pose>
		<truncated>1</truncated>
		<difficult>0</difficult>
		<bndbox>
			<xmin>66</xmin>
			<ymin>11</ymin>
			<xmax>473</xmax>
			<ymax>375</ymax>
		</bndbox>
	</object>
</annotation>
