<annotation>
	<folder>Train</folder>
	<filename>image_2021_21.jpg</filename>
	<path>C:\Users\User\Desktop\Pets Segmentation\Train\image_2021_21.jpg</path>
	<source>
		<database>Unknown</database>
	</source>
	<size>
		<width>415</width>
		<height>500</height>
		<depth>3</depth>
	</size>
	<segmented>0</segmented>
	<object>
		<name>dog</name>
		<pose>Unspecified</pose>
		<truncated>1</truncated>
		<difficult>0</difficult>
		<bndbox>
			<xmin>28</xmin>
			<ymin>32</ymin>
			<xmax>395</xmax>
			<ymax>500</ymax>
		</bndbox>
	</object>
</annotation>
