<annotation>
	<folder>Train</folder>
	<filename>image_2021_49.jpg</filename>
	<path>C:\Users\User\Desktop\Pets Segmentation\Train\image_2021_49.jpg</path>
	<source>
		<database>Unknown</database>
	</source>
	<size>
		<width>320</width>
		<height>426</height>
		<depth>3</depth>
	</size>
	<segmented>0</segmented>
	<object>
		<name>cat</name>
		<pose>Unspecified</pose>
		<truncated>1</truncated>
		<difficult>0</difficult>
		<bndbox>
			<xmin>11</xmin>
			<ymin>1</ymin>
			<xmax>293</xmax>
			<ymax>426</ymax>
		</bndbox>
	</object>
</annotation>
