<annotation>
	<folder>Train</folder>
	<filename>image_2021_37.jpg</filename>
	<path>C:\Users\User\Desktop\Pets Segmentation\Train\image_2021_37.jpg</path>
	<source>
		<database>Unknown</database>
	</source>
	<size>
		<width>400</width>
		<height>372</height>
		<depth>3</depth>
	</size>
	<segmented>0</segmented>
	<object>
		<name>dog</name>
		<pose>Unspecified</pose>
		<truncated>0</truncated>
		<difficult>0</difficult>
		<bndbox>
			<xmin>8</xmin>
			<ymin>6</ymin>
			<xmax>394</xmax>
			<ymax>368</ymax>
		</bndbox>
	</object>
</annotation>
