<annotation>
	<folder>Train</folder>
	<filename>image_2021_39.jpg</filename>
	<path>C:\Users\User\Desktop\Pets Segmentation\Train\image_2021_39.jpg</path>
	<source>
		<database>Unknown</database>
	</source>
	<size>
		<width>325</width>
		<height>356</height>
		<depth>3</depth>
	</size>
	<segmented>0</segmented>
	<object>
		<name>dog</name>
		<pose>Unspecified</pose>
		<truncated>0</truncated>
		<difficult>0</difficult>
		<bndbox>
			<xmin>29</xmin>
			<ymin>29</ymin>
			<xmax>162</xmax>
			<ymax>299</ymax>
		</bndbox>
	</object>
	<object>
		<name>dog</name>
		<pose>Unspecified</pose>
		<truncated>1</truncated>
		<difficult>0</difficult>
		<bndbox>
			<xmin>143</xmin>
			<ymin>11</ymin>
			<xmax>325</xmax>
			<ymax>343</ymax>
		</bndbox>
	</object>
</annotation>
