<annotation>
	<folder>Train</folder>
	<filename>image_2021_47.jpg</filename>
	<path>C:\Users\User\Desktop\Pets Segmentation\Train\image_2021_47.jpg</path>
	<source>
		<database>Unknown</database>
	</source>
	<size>
		<width>495</width>
		<height>500</height>
		<depth>3</depth>
	</size>
	<segmented>0</segmented>
	<object>
		<name>cat</name>
		<pose>Unspecified</pose>
		<truncated>0</truncated>
		<difficult>0</difficult>
		<bndbox>
			<xmin>154</xmin>
			<ymin>17</ymin>
			<xmax>477</xmax>
			<ymax>476</ymax>
		</bndbox>
	</object>
</annotation>
