<annotation>
	<folder>Train</folder>
	<filename>image_2021_19.jpg</filename>
	<path>C:\Users\User\Desktop\Pets Segmentation\Train\image_2021_19.jpg</path>
	<source>
		<database>Unknown</database>
	</source>
	<size>
		<width>300</width>
		<height>225</height>
		<depth>3</depth>
	</size>
	<segmented>0</segmented>
	<object>
		<name>dog</name>
		<pose>Unspecified</pose>
		<truncated>1</truncated>
		<difficult>0</difficult>
		<bndbox>
			<xmin>26</xmin>
			<ymin>7</ymin>
			<xmax>225</xmax>
			<ymax>225</ymax>
		</bndbox>
	</object>
</annotation>
