<annotation>
	<folder>Train</folder>
	<filename>image_2021_40.jpg</filename>
	<path>C:\Users\User\Desktop\Pets Segmentation\Train\image_2021_40.jpg</path>
	<source>
		<database>Unknown</database>
	</source>
	<size>
		<width>500</width>
		<height>375</height>
		<depth>3</depth>
	</size>
	<segmented>0</segmented>
	<object>
		<name>cat</name>
		<pose>Unspecified</pose>
		<truncated>0</truncated>
		<difficult>0</difficult>
		<bndbox>
			<xmin>113</xmin>
			<ymin>18</ymin>
			<xmax>369</xmax>
			<ymax>256</ymax>
		</bndbox>
	</object>
</annotation>
